B09BTQG214	
B0F99NBZ7B	Lykus Titan M400 防水ケース DJI Mavic 4 Pro Fly More/クリエイターコンボ、 DJI RC Pro 2/RC2 送信機と
B0B24SF7FV	
B09MLSVB5Z	Lekufee DJI Mavic 3 Pro 防水ハードケース DJI Mavic 3 Classic、DJI Mavic 3ドローン、DJI RC、DJI 
B0F87VSVZF	Lekufee 防水ハードキャリングケース DJI Mavic 4 Pro ドローン、Creator Combo、Fly More Combo、DJI RC P
B0FLQ778Q9	収納ケース DJI Mavic 4 Pro Fly Moreドローン 対応 Mavic 4 Proクリエイターコンボ全体収納できる DJI RC PRO 2/R
B0FMNZPVHQ	Lekufee 防水ハードキャリーケース（パッド入り仕切り付き）DJI Mavic 4 Pro、Air 3S、Mini 4 Proドローン、一部のSony/Ca
B0FMKC8JXD	Lykus PVC2 防水ハードケース パッド入りケース 仕切り付き カメラ、レンズ、2つの DJI Mavic/Air/Mini/Flip ドローンに適用【ケ
B0D2VXKTKY	Lykus PVC1 防水ハードケース パッド入りケース 仕切り付き カメラ、レンズ、2つの DJI Mavic/Air/Mini ドローンに適用【ケースのみ】
B0FKH1JXCV	
B0FKBM9QD1	Lykus PVC1 防水ハードケース(ブルー) パッド入りケース 仕切り付き カメラ、レンズ、2つの DJI Mavic/Air/Mini ドローンに適用【ケ
B09M6SB9VQ	Lekufee 防水ハードキャリングケース DJI Mavic 3 Pro/DJI Mavic 3 Classic/DJI Mavic 3 Drone Comb
B0C5M1N5RY	Lykus Titan M340 防水ケース DJI Mavic 3 Pro/Classic、DJI RC/RC Pro 送信機とストラップに適用【ケースのみ】
B0B159GS9X	Twaxl DJI Mini 3 Pro/Mavic 3 Air2 / Air2s /Mini2用の折りたたみ式タブレットホルダー+ストラップ
B0CDH47QZM	DJI Avata 360/DJI AIR 3S/AIR 3/AIR 2S/AIR 2/MAVIC 4 Pro/MAVIC 3 シリーズ/MINI シリーズ/D
B0BVBT8Q6Y	DJI Mavic 3 Classic 対応 キャリングケース Mavic 3 Classic 防水収納ケースハードシェル 防水 耐衝撃 アクセサリー
B0C85HGRBB	Lykus Titan M350 防水ケース DJI Mavic 3 Pro/Classic、DJI RCとRC Pro 送信機同時に収納可能、RCストラップに
B0DGFWVRS9	DJI Neo Fly More Combo 対応 dji neo ケース キャリーケース 保護 収納 Neo ドローン/RC-N3 リモートコントローラー/バ
B0BNB2BD25	Lekufee DJI Air 2S(DJI RC)コンボケース 防水収納ケース 収納できます DJI Air 2S ドローン/DJI RC/DJI Mavic
B0C4TBJH8X	DJI Mavic 3 Classic/Mavic 3 Pro/Mavic 3 対応 ケース ハードシェルバックパック DJI RC/RC Pro/RC-N1 
B0GJ45XK7G	DJI Mavic 4 Pro 用 収納ケース ハードシェルバックパック DJI RC 2/RC Pro 2 送信機 防水 キャリングケース
B0F8VYXTCQ	DJI Mavic 4 Pro Fly More Combo 対応 収納ケース 防水 キャリングケース RC 2/RC Pro 2 送信機 ポータブル 収納用シ
B0DF4RVW6D	DJI Mavic 3 Pro/Mavic 3 Classic/Mavic 3/AIR 3S/Air 3 対応 防水ケース アクセサリー 保護ケース 3層防水ハ
B0F9WRJNBP	Taoricup DJI Mavic 4 Pro 対応 保護ケース 収納ケース 保護カバー 収納ボックス DJI RC Pro 2 対応 ハンドバッグ 本体ボッ
B0DGFW45R8	DJI Neo Fly More Combo 対応 dji neo ケース キャリーケース 保護 収納 Neo ドローン/RC-N3 リモートコントローラー/バ
B0CFFL65DM	Lykus Titan MA310 防水ケース DJI Air 3S/Air 3 Fly More Combo、DJI RC2/RC-N3/RC-N2 送信機収
B0FFGRN81S	ケース対応 DJI Mavic 4 Pro ドローン アクセサリー RC Pro 2 送信機用 収納バッグ Fly More Creator コンボバッグ ポー
B0FH277HR5	STARTRC DJI 向け Mavic 4 Proケース ドローンコンボ、Fly More コンボ用、RC 2/RC Pro 2 リモートコントローラー、最大
B0FBWBZ1HD	Taoricup DJI Mavic 4 Pro 対応 収納バッグ 防水ケース RC PRO2/DJI Mavic 3 Pro/3 対応 リモコン アクセサリー
B0F8NQ73S8	DJI Mavic 4 Pro 専用 収納ケース 防水 ハードケース・キャリングケース DJI RC2/RC Pro 2 送信機 収納ケース Mavic 4 P
B0BYHTKJTH	DJI Mavic 3 Pro ストレージ カバー
B0FG28JKXS	DJI Mavic 4 Pro 対応 ケース 収納バッグ キャリングケース DJI RC 2/RC PRO 2 送信機 対応 保護ケース ポータブルバッグ (f
B0GFN26VF1	STARTRC DJI向けNeo 2ケース Neo2 Drone Fly moreコンボ防水ケース RC 2/RC-Nリモコン アクセサリー用ハードケース 大容
B08T6HDMKC	Lekufee ポータブル旅行防水ハードケース DJI Mini 4K/2 SE/2 およびその他アクセサリー用（ケースのみ） [並行輸入品]
B07RVQFPLJ	DJI Mavic 2 Pro/Zoom用iMusk EVAハードポータブル軽量バッグショルダーケースキャリングケーススーツケース収納バッグDJI Mavic 
B0C6F1FD9D	Lekufee DJI Mavic 3 Pro ケース 防水収納ケース DJI Mavic 3 Classic(DJI RC)、DJI Mavic 3、Cine
B0B46B8GSL	Mavic 3 Classic/Mini 3 Pro RC リモコン 保護ケース と レンズフード、 シリコンケース DJI Mavic 3 Classic/D
B081PRTV5M	キャーリングケース DJI Mavic Mini 対応 収納ケース EVA 大容量 本体＋送信機用＋周辺アクセサリーなど収納可能ドローンアクセサリー
B0DNYL159D	DJI Neo Fly More Combo 対応 dji neo ケース キャリーケース 保護 収納 Neo ドローン/RC-N3 リモートコントローラー/バ
B0D7ZMCQ37	Mavic Mini 2 キャリーケース For DJI Mavic Mini 2/ Mini 2 SE/Mini 4k ドローンケース ハードシェル 収納バッ
B0F911BS4K	for DJI Mavic 4Pro用防水ケース 大容量 ハードキャリングケース 防爆ボックス for DJI Mavic 4Pro用ポータブル収納ケース ショ
B0C4PXTQSW	DJI Mavic 3 Pro 対応 ケース 収納バッグ キャリングケースMavic 3 Pro ドローン本体/送信機 保護ケース ポータブルバッグ 保護ボック
B0F8NQX6CJ	Taoricup DJI Mavic 4 Pro 対応 保護ケース カバー DJI RC Pro 2 対応 リモコン シリコンカバー スクリーンプロテクター ア
B0F8NSQRM6	DJI RC Pro 2用 シリコンケースリモコン スリーブ 保護カバーDJI Mavic 4 Pro用ドローンアクセサリー (Black)
B0F8P3VSMN	DJI Mavic 4 Pro 用 防水ハードケース DJI RC2/ RC Pro 2 送信機 対応 キャリングケース 保護 耐衝撃
B0F9P3SM5K	for DJI Mavic 4 PRO専用収納ケース EVAハードケース for DJI Mavic 4 Pro Fly Moreコンボ用ポータブル収納バッグ 
B0FBR741W9	DJI Mavic 4 Pro用ケース コンパクト収納バッグ ポータブルキャリーケース DJI Mavic 4 Proコントローラー(RC Pro 2)対応
B072PYBB8V	DJI Spark/Mavic ショルダーバッグ
B0C7W3MTPX	Lykus 2023 Titan M350 防水ハードケース DJI Mavic 3 Pro RC Pro DJI RC用 RCストラップ対応 [ケースのみ] 
B0B28TKMQS	Lekufee DJI Mini 4 Pro ハードケース DJI Mini 4 Pro、DJI Mini 3 Pro,DJI RC,DJI RC N1 防水収
B0FKBH2BP5	for DJI MAVIC4 PRO 収納ケース 大容量 バックパック RC2/RC PRO2 リモコン収納バッグ for DJI MAVIC 4 Proハード
B0CY2XK759	Mavic 3 Proバッテリーバッグ、耐火防爆リポバッテリー保護ストレージリポケース DJI Mavic 3 / Mavic 3 Classic/Mavic 
B0DX6FXXJ6	INSYOO 防水ショルダーバッグ キャリーポータブルケース DJI Mavic2/Mavic2 Pro/Mavic2 Zoom/Air 2S/Mavic MI
B0F8NPYZSV	DJI Mavic 4 Pro 対応 ケース 防水 ハードケースDJI RC2/RC Pro 2 送信機 用 収納ケース アクセサリー全面保護型 防塵 耐衝撃性
B07GNHTHWN	[AG-MA-PG] DJI Mavic Air専用 キャリーケース ブラック DJI Goggles 同時収納可能
B098Q8N5HX	DJI Mavic Air2Sショルダーバッグ トラベルオーガナイザー用DJIAir2ドローンバックパック DJI Mavic Air2S 用収納ケース 防水キ
B0GZVL1Q6V	TELESIN DJI Osmo Pocket 4 保護ケース/DJI Osmo Pocket 3 保護ケース 対応 Osmo Pocket 4/3 レンズスク
B0GDDR2XM8	DJI Osmo Action 5 Pro/4/3用メタルケージ アルミ合金製保護フレーム マグネット式アタッチメント 重量167グラム 手持ち撮影用拡張アクセ
B0G43G6WSH	Lekufee 防水ハードキャリーケース DJI Lito X1、Lito 1、DJI Mini 5 Pro/Mini 4 Pro/Mini 3 ドローン、DJ
B0DHL48LS8	Lekufee DJI Neo 1ドローン用防水ハードキャリングケース,DJI RC 2,DJI RC N3/N,DJI Goggles 3(Goggles N
B0F8PXKV58	FiTSTILL アルミフレーム保護ケージ DJI Osmo Action 5Pro/Action 4/Action 3用 キャリングハードシェルケース シリコ
B0GY4LJ4W7	Osmo Pocket 4 ケース DJI OSMO Pocket 4用収納ケース 保護カバー ジンバルクランプ対応 カラビナバックル付き 全面保護・耐衝撃・携
B0FLQC4VXX	Lekufee 旅行用防水ハードケース DJI Osmo 360、バッテリーケース、その他のアクセサリー用 (ケースとバッグのみ)
B0DNVR7DM8	Lekufee DJI Neo 1 ドローン防水ハードキャリングケース DJI Neo 1 Motion Fly More コンボ、DJI Goggles N3
B0FLX5879T	
B0GKGC4L2R	Osmo Pocket 4 ケース DJI Osmo Pocket 4/Pocket 3/Xtra Muse 用 小型 PU 防水 収納ケース 収納バッグ ハー
B0G6KTVHXR	Lekufee 防水ハードキャリングケース DJI Neo 2、Fly More コンボ、DJI RC 2/RC N3、バッテリー(5個)、充電ハブ、その他のア
B0GKG8MGSP	DJI Osmo Pocket 4/Pocket 3/Xtra Muse 対応 収納ケースセット PU 防水 バッグ 全面保護 耐衝撃,123 CM長さ ストラ
B0G587MGH9	Lekufee 防水ハードキャリーケース DJI Neo 2 ドローン、Fly More コンボ 、DJI RC 2、RC N3、ゴーグル N3/3、RC モー
B0GKHK97Z5	DJI Neo 2用 防水収納ケース、ゴーグル N3/RC Motion 3対応、耐衝撃保護キャリーバッグ、旅行用ポータブル (グレー)
B0FSJ7GR8T	CYNOVA Osmo Nano 保護ケース,osmo nano ケース 対応 DJI Osmo Nanoアクセサリー,DJI Osmo Nano 保護フィルム
B0FRXMYH2B	Lekufee 防水ハードキャリーケース DJI Mini 5 Pro ドローン、Fly More コンボ、DJI RC 2/RC N3、バッテリー(6個)、充
B0FYPJ8PBQ	DJI Neo 2ドローン 用 収納ケース 防水ハードキャリングケース 大容量 全面保護型 防塵 耐衝撃性 携帯に便利
B0H266S59B	DJI Osmo Mobile 8P 用 収納ケース 防水 キャリーケース 防水 ポータブル 収納用ショルダーバッグ トラベルケース Osmo Mobile 8
B0F9W7ZL1J	DF DIGITALFOTO DJI RS4 Miniケース ポータブル 旅行ハンドバッグ ハードシェル ジンバル ケース 雲台 三脚 クイックリリースプレート
B0BV5RZQ4M	TMOM DJI RS3 Miniケース ポータブル 旅行ハンドバッグ ハードシェル ジンバル ケース 雲台 三脚 クイックリリースプレート MICチャージング
B0DGXBRMT3	CYNOVA 黒のDJI ACTION 5 Pro 用ミニカメラバッグ,Osmo ACTION 4 収納ケース DJI Osmo ACTION 5 Pro対応 
B0FYFRXGWF	DJI Neo 2用ケースポータブルトラベルショルダーバッグ ハードシェルポータブル耐衝撃 ドローンアクセサリー保護カバー
B0GFMZ4RF8	ケース DJI Neo 2ドローン 対応 旅行カバン(ケースのみ)
B0GTNNPQLT	DJI Avata 360 対応 収納ケース 収納バッグ Goggles N3/RC Motion 3 保護 キャリングケース (for Avata 360)
B0GVSBYB9W	DJI Avata 360 用 キャリングケース 収納バッグ Goggles N3/RC Motion 3 収納ケース 耐衝撃防水保護持ち運び可能旅行ケース (
B0FRMNFBP5	VRIG DJI Osmo Action 6/5Pro/4/3用 ケース 保護カバー 表面防水 防塵 耐衝撃 収納ケース キャリングケース オズモアクション ア
B0FXM31T4G	Lykus Titan MM510 防水ケース(グリーン) DJI Mini 5 Pro と RC2/RC-N3 送信機に適用、最大でバッテリー7個とRC ラン
B0FPG5DS19	STARTRC DJI対応Mini 5 Pro/Lito X1ケース Mini 5 Pro Fly Moreコンボバッグ ドローンポータブルバッグ PUケース 
B0FYFJYSLS	DJI Neo 2 対応 収納ケース 収納バッグ PU防水アクセサリー ポータブル 収納用ショルダーバッグ
B0CDH3X73X	Lekufee DJI Air 3S 防水キャリングケースは、DJI Air 3S/DJI Air 3 Fly More Combo、DJI RC Pro 2、
B0BRMZX66M	TELESIN DJI Osmo Action 5 Pro/Osmo Action 4/Osmo Action 3用 防水ケース 60M/196FT防水ハウジン
B07FL1BH7Y	DJI Tello ケース Gamesirコントローラー・純正充電器・バッテリー3個収納可能 バッグ キャリングケース プロペラなどの小物収納可能 携帯に便利
B0G4VW72HC	Taoricup DJI Neo 2 対応 保護ケース 収納ケース 保護カバー DJI Neo2 対応 アクセサリー 収納バッグ 衝突防止 傷防止 (Orang
B0FFBD9QHW	黒のミニカメラバッグ レンズカバー for DJI Osmo Action 5 (4枚セット) Osmo ACTION 4 収納ケース DJI Osmo ACT
B0GXXS6MZN	VRIG DJI Osmo Pocket 4 対応 ケース 保護 カバー 半透明 PCカバー レンズ保護 オズモポケット4 カメラ用カバー Pocket 4 ア
B0FY5ZH6L7	TELESIN DisAdvミニカメラバッグ DJI Osmo Action 6/5 Pro/4/3用ケース 防塵 防水 耐衝撃 内側が柔らかい 半開口ファスナ
B0F1DDSGNN	BRDRC Osmo Pocket 3ケース ポータブルキャリーバッグ 保護ハードストレージバッグ DJI Osmo Pocket 3 Creator コンボカ
B0F8H6L7T7	Trunab ポータブル電源 バッグ DJI Power 1000と互換性 ポータブル電源 ケース 透明なフロントパネル付き ポータブル電源 保護ケース キャン
B0CS6C6Q7R	AKASO アクションカメラ収納カバー 持ち運び便利 手ブレ防止 防水 防塵 下開きデザイン Gopro hero 12 11 10 9 8 7 DJI Osm
B08NF42L9L	DJI POCKET 2クリエイターセット専用 MAXCAM収納ケース保護ケース
B0GX69HZBX	CYNOVA Osmo Pocket 4 収納ケース,DJI Osmo Pocket 4 ケース Pocket 4 カバー,ハードケース 磁石式フィルター メモ
B0H1VM765W	For vaele ケース DJI Osmo Mobile 8P 専用保護カバー 耐衝撃 コンパクト設計 携帯便利 DJI Osmo Mobile 8P護用 専
B0F1FTLF32	llano OSMO Pocket3 キャリーバッグ アクションカメラ ケース FOR DJI pocket3ケース 180°開口/大容量/撥水加工/コンボアク
B0CMHJRB6S	Lekufee 旅行用防水ハードケース DJI Osmo Pocket 4, Osmo Pocket 3 / クリエイターコンボ/パワーエクスパンションコンボ/
B0FHKTS277	STARTRC Osmo 360 カメラケース、DJI向けOsmo 360 アクセサリー用ポータブルレザー PU バッグ、ショルダーストラップとハンドル付きトラ
B0G12K5Q9R	STARTRC DJI 向けOsmo action 6 ケース、防水 持ち運び可能 耐衝撃 アクションカメラ用キャリー収納バッグ 、osmo action 6 
B0GYYN5LW7	Pocket 4 用ケース + スクリーン＆レンズ保護強化ガラスフィルム2セット、ナイロン製ハードキャリングトラベル収納バッグ、カラビナ＆リストストラップ付き（
B0GY8HXFVJ	Taoricup DJI Lito 1 対応 収納ケース 保護ケース 収納バッグ 保護バッグ DJI Lito 1 対応 アクセサリー 保護パッケージ スーツパ
B0GQMRGLTY	STARTRC DJI向けOsmo Pocket 4 カバー レンズスクリーン保護ケース 防塵耐傷性落下防止フリップトップ保護カバー フィルター3枚を収納可能 
B0GWQ9KTPG	CYNOVA Osmo Pocket 4 シリコンケース 対応 DJI Osmo Pocket 4,Osmo Pocket 4 ケース DJI Osmo Poc
B0B8ZPNZY1	DJI Osmo Action 防水ケース、互換性：Osmo Action 3、Osmo Action 4、Osmo Action 5 Pro
B0H1HM3YRF	For DJI Osmo Pocket 4 保護ケース Osmo Pocket 4 対応 カバー Greerass PC素材 レンズ・画面全保護 落下に強い 耐
B0F3CSFB7Z	ハクバ カメラポーチ ガジェットポーチ ドローンインナーケース 小型ドローン、ビデオムービー、ガジェットなどを入れるインナーポーチ YASPSDIC 49771
B0GBY2RTG3	DJI Neo 2 専用 収納ケース 収納バッグ キャリングケース PU防水 耐衝撃 Neo 2アクセサリー
B0FPG37C2S	STARTRC Osmo Nano ケース、DJI対応 Osmo Nano アクセサリー用保護収納ケース、旅行やアウトドアのVloggingに最適なポータブルP
B09BNJKMGY	Lykus HC-5120 車輪付き防水ハードケース キャリーオンケース キャスター付き 格子状カットスポンジが内蔵 内寸:51.6x28.8x18.5cm カ
B0F13WXPJH	DJI OSMO Pocket 3 用 収納セット、 EVAハードコンボケース（調節ストラップ付き）・スクリーンプロテクター×2・ミニ三脚・ポータブル防水旅行用
B0FR9B75HJ	Lykus Titan MM510 防水ケース DJI Mini 5 Pro と RC2/RC-N3 送信機に適用、最大でバッテリー7個とRC ランヤードを収納
B0FXM3SXW3	
B0GWH9KRXF	K&F CONCEPT PT61 Pocket 4 専用 ケース 保護カバー ハードプロテクションケース PC素材 軽量 フィルター収納可能 磁吸式フィルター2
B0DZBDSVTP	【LAZIRO】For DJI Osmo Mobile 7 用 収納ケース 耐衝撃 防汚 防塵 防水 バッグ キャーリングケース 三脚、磁気スマートフォンクラン
B0F2SSHDVG	（ケースのみ）D JI Osmo Mobile 8 /7P /7 スマホ ジンバル対応 D JI OM 7 Proジンバルスタビライザー収納ケース，ブラック‐c
B0CN3CN93G	DJI Osmo Pocket 3 Creator Combo 用 MAXCAM センター 収納ケース 収容可能 Osmo Pocket 3 Creator C
B0CPHQ8634	
B0CTHF338J	
B0CPHJKBHK	
B0DHRS4L9P	
B0DKXJNZ32	FitStill黒のミニカメラバッグdji osmo action6/action 5 pro/action 4/action 3/osmo 360/nano用
B0FBGNYD6X	
B0GXKNL4G8	DJI OSMO 360用保護シリコンケース 柔らかい 防水ケース 耐衝撃性case DJI アクションカメラ アクセサリーカバー OSMO360 全面保護
B0GTNYSYXK	For DJI Osmo Pocket 3 大疆 DJI Pocket 3 口袋4K相机 専用 プラスチック収納ケース 塑料收纳盒 耐衝撃 防塵 キズ防止 开关
B0F4N9Z4VN	専用収納ケース保護ケース For DJI Pocket 3 収納ケース 防塵、耐傷性、落下防止、スクリーンをオールラウンドに保護、耐衝撃性 ジンバル、レンズ、収
B0B5R5ZFYL	UKATOF DJI RS 3収納ケース 、メッセンジャーバッグ、多機能バッグ（大容量）に対応
B0F4R27L1C	K&F CONCEPT D*I Osmo Pocket 3/4用 キャリーバッグ 収納ケース「大容量・純正品よりも使いやすい】ガジェットポーチ 防水耐衝撃 撥水
B0H28YX5KZ	SHEAWA for DJI Osmo Pocket 4 ケース 収納バッグ 大容量 耐衝撃 頑丈 EVAハードケース キャリングケース PUレザー レンズフィ
B0G1RNYW8Q	K&F CONCEPT DJI Osmo360 用 ケージ カメラケージ マグネット フレーム ブラケット 保護ケース マルチ機能 全面保護 拡張可能 簡単取り
B0G13323T8	STARTRC DJI 対応Osmo Action 6 ケース、軽量コンパクトで携帯に便利な保護カバー、Action 6 カメラアクセサリー 、全面保護でアクシ
B0GX12ZV65	DJI Osmo Pocket 4 対応 保護ケース レンズスクリーンPC保護カバー 半透明カバー フリップトップデザイン 落下防止 防塵 耐傷性 スクリーンを
B0FSS17S6X	【5in1】For DJI Osmo Nano 用保護ケースセット PUレザー収納バッグ+シリコンケース+ガラスフィルム(2枚)+レンズフィルム (2枚) + 
B0FSJXPYC5	CYNOVA Osmo Nano ケース 対応 DJI Osmo Nano 保護ケース,Osmo Nano 保護フィルム (2枚セット),保護ケース カバー 耐
B0G1SX3JV2	DJI Osmo Action 6専用 コンパクトケース 表面防水 キャリングケース 耐衝撃 (オレンジ)
B0GL1XV1XK	TELESIN DJI Osmo Nano用 防水ケース 60M/196FT防水ハウジング IPX8 防水ハウジングケース ダイブハウジング 水深ダイビング ダ
B0GW5Y9YX8	DJI Osmo Pocket 4/Pocket 3/Xtra Muse 対応 収納ケース バッグ 防水 ハードケース ストラップ付き 収納可能 フィルター メ
B0FVLQLLCF	CYNOVA 対応 DJI Osmo Action 6 ケース，Osmo Action 6 フィルム 6枚セット， Osmo Action6 ケース ミニカメラ
B0GY7W2L6S	JJC DJI Osmo Pocket 4 / Pocket 3 専用 カバーケース ハードシェル フリップケース フィルター3枚 & Micro SD 2枚 
B0FZQH2HDT	【TELESIN公式】 DJI Osmo Action 6 用 防水ケース 水中撮影 防水ハウジングケース ダイブハウジング 水深ダイビング 防水防塵保護ハウジ
B0GXDLQT98	IMMOENUC 対応 DJI Osmo Pocket 4 保護ケース 雲台固定機能付き レンズ・画面全保護 ポータブルカメラアクセサリー
B0FBSQ2WQX	DJI ACTION 5 Pro 用キャリーバッグ Osmo Action4/ DJI Action 3 ケース 防水 防塵 耐衝撃 Action 5 Pro/
B0GY9FYSQL	DJI Osmo Pocket 4 対応 防水ケース 水中保護 ケース 50M ダイビング保護カバ 防水防塵 密封 適用 水中 撮影 潜水 水泳 アダプターブラ
B0CLVC4KYX	DJI Osmo POCKET 3用ケース 耐衝撃 バッグ キャーリングケース 大容量 POCKET 3、保護ケース、1/4インチネジ付きハンドル ハンドストラ
B0D8VL6MZV	PULUZ 45M 潜水ケース DJI Osmo Pocket 3 用、水中防水ケース ハウジング ダイビング シェル Osmo Pocket 3 用 アクショ
B0FRMWPJ75	JJC DJI OSMO 360 ケース シリコン OSMO360 保護カバー 落下防止 耐衝撃 擦り傷防止 軽量小型 ぴったり対応 レンズガード着装可能 ソフ
B0H21KW3SL	DJI Osmo Mobile 8P 用 収納ケース PU 防水 キャリーケース 持ち運び収納に便利です (Black)
B0DQBPZNDR	TELESIN 大容量ケース DJI Osmo Action 5 pro/4/3対応 表面防水 キャリングケース 多層パーティション 耐衝撃 防塵 保護シェル 
B0GYF92DVV	DJI Osmo Pocket 4 用 収納ケース カバー レンズスクリーン保護ケース ストラップ付き 防塵耐傷性落下防止フリップトップ保護カバー フィルター4
B0DYDN94TQ	ミニ カメラバッグ gopro 保護カバー 防水 防塵 耐衝撃 コンパクト 持ち運び便利 保護カバーダブルジッパーデザイン 全面保護 dji action 5 
B0GZ3RVFK1	DJI Osmo Pocket 4 用 保護ケース セット PU 防水 収納バッグ PC保護カバー 123 CM長さ ストラップ 安全コード フック付き 防塵 
B0FMKC6LJ4	SHEAWA for DJI Osmo Pocket 4/3 フィルターケース 硬質ケース レンズフィルター6枚収納可能 可視化クリア窓付 耐衝撃 マグネット吸
B0H1417GJN	DJI Osmo Mobile 8P専用収納ケース 多機能ポーチ マグネット式スマホホルダー5 多機能トラッキングモジュール2 リモートビューファインダー、充電
B0GJDKSRWL	SmallRig DJI Osmo Pocket 4用シリコン製保護ケース、モジュール式多方向保護、ソフトシリコン素材、強化ガラス製スクリーンプロテクターとリス
B0G48SPL1V	TELESIN DJI Osmo Action 6用 保護ケース シリコン保護カバー レンズキャップ レンズカバー スクラッチ防止 耐摩耗 柔軟で変形しない 落
B0GX5SLZDB	TELESIN DisAdv DJI Osmo Pocket 4 / 3用 ケース 肩掛けバッグ 斜めがけバッグ 軽量・カメラ本体＋1/4ハンドル専用・復古旅行
B0G39C97WQ	DJI Mic Mini 2（2 TX + 1 スタンダードRX + 充電ケース） iPhone 17/16/15＆Android／カメラ／タブレット／PC用ワ
B0G3WH5G2N	FitStill保護キット DJI Osmo Action 6専用、シリコン製保護ケース+レンズスクリーンプロテクター+シリコン製レンズキャップ+調整可能なリス
B0D12R5N9Y	専用レンズスクリーン保護ケース For DJI Pocket 3 防塵、耐傷性、落下防止、スクリーンをオールラウンドに保護、耐衝撃性 ジンバル、レンズ、保護 D
B0GCK45GSP	TELESIN DJI Osmo Action 5 Pro/Osmo Action 6 / Osmo 360 用 多機能バッテリーケース PD3.0 30W高速
B0G39G3SZM	DJI Mic Mini 2（1 TX + 1 モバイル RX + 充電ケース） iPhone 17/16/15＆Android／タブレット／PC用ワイヤレスラ
B0GZBHJYST	IMMOENUC DJI Osmo Pocket 4 対応 保護ケース フルカバー フィルター4枚収納 マグネット式 防衝撃 傷防止 軽量 持ち運び便利
B0D6GPD477	用 DJI Osmo Action 4 ガラスフィルム 保護フィルム 【6枚セット 国産AGC旭硝子素材】 対応 DJI Osmo Action4 カメラフィル
B0DDL8WGH5	DJI Mic Mini（2 TX + 1 RX + 充電ケース） ピンマイク ワイヤレス 超軽量 48時間使用 ノイズキャンセリング 自動制限機能 カメラ／i
B0GC68MX27	DJI Osmo Nano 対応 保護ケース セット シリコンカバー*2/紛失防止ストラップ/ネックストラップ/レンズカバー (Grey)
B0DLK1TZM7	DJI Osmo Action 5 Pro 対応 保護ケース シリコン保護カバー+レンズキャップ レンズカバー 傷防止 落下防止 柔らかい 防振 滑り止め 携帯
B0GXN8GZ6G	DJI Osmo Pocket 4 用 保護ケース セット 保護カバー フルカバータイプを 全方位から保護できる ストラップ付き 軽量 耐久性あり 防塵 防落下
B0FGGT4XG1	シリコン保護ケース DJI RC 2 リモコン用 - 耐衝撃性、傷防止カバー
B0GTYMQ5MD	深さ45m/148フィート 防水ダイビングケース DJI Osmo Nano用 水中ハウジングシェルフ 光学ガラスレンズ 95%透明度 ダイビング ラフティング
B0FQHP85JZ	HSU フローティングケース 水中 アクセサリー オレンジフロートケース DJI保護ケース ダイビング用フローティングプロテクトカバー 沈没防止 DJI Osm
B0GRTTQCJ8	DJI Osmo Nano用ケース、エアタグ対応シリコン製アクションカメラケース、ソフトで滑りにくく傷防止、衝撃吸収性、落下防止、耐摩耗性、洗濯可能、レンズキャ
B0FN7LJC5Q	Lekufee DJI Osmo 360防水ハードケース 、DJI Osmo 360 アドベンチャーコンボ、Vlogカメラ, バッテリー、Osmo セルフィース
B0FMR1HN5D	llano DJI Osmo 360用カメラケージ アルミケース保護フレームマウント OSMO 360用拡張ハウジングシェル
B0FRS83JHT	DJI Mini 5 Pro用のスーツケース防水ストレージボックス
B0F9W79GNP	DF DIGITALFOTO RS 4 Miniケース IP67 防水 防爆 耐衝撃性 旅行ハンドバッグ ハードシェル ジンバル ケース dji rs4 min
B0CD7D682H	JJC カメラケース Canon PowerShot V10 DJI Osmo 360 Osmo Action 6/5 pro/4/3 Insta 360 ac
B0GRV5TRRB	DJI Osmo Action 6用ケース、ストラップ付き、ソフトシリコン製、滑り止め、落下防止、耐摩耗性、洗濯可能なアクションカメラプロテクターケース、DJI
B0G1STK3SD	DJI Osmo Action 6 専用 アルミ合金ケージ 保護フレーム 縦横撮影 三脚 自撮り棒 補光ライト マイクなど 1/4インチネジ穴・コールドシュー付
B0GXVP8V31	DJI Osmo Pocket 4 用 ケース カバー レンズスクリーン保護ケース ストラップ付き 防塵耐傷性落下防止フリップトップ保護カバー フィルター3枚を
B0GXJM4LF9	OSMO POCKET 4 保護カバー セット DJI Osmo Pocket 4 Creator Combo 用 シリコンケース 全方位から保護 防塵 防落下
B0GXD69VZ6	IMMOENUC 対応 DJI Osmo Pocket 4 シリコン保護ケース 耐衝撃 傷防止 レンズカバー・強化ガラスフィルム付き 軽量 着脱簡単 アウトドア
B0FRLQKMHS	TELESIN DJI Osmo Action 5 Pro/4/3用 保護ケース シリコン保護カバー レンズキャップ レンズカバー スクラッチ防止 耐摩耗 柔軟
B0FYDZYB8X	SMALLRIG FilMov バンパー スマホケース iPhone 17 Pro用 中空背面デザイン レンズバックプレート付き 67mmフィルターアダプター 
B0GYDV8T8H	DJI Osmo Pocket 4 用 収納ケース バッグ 保護ケース 防水 ハードケース ストラップ付き 収納可能 6枚 フィルター 2枚メモリーカード 全面
B0FK5SLMT2	用 DJI OSMO 360 保護フィルム+ ガラスフィルム2枚【日本製素材旭硝子製 全面保護】 用 DJI オスモ 360 フィルム 液晶保護フィルム ケース
B0CS5V9B4K	対応 dji osmo pocket 4 / osmo pocket 3 保護フィルム ガラスフィルム 2枚 + カメラフィルム2枚 【4枚セット】 オズモポケ
B0FPCTVP3C	SmallRig DJI Osmo Pocket 3/4用拡張ケージ、リバーシブルマウントアダプター、1/4インチ-20、コールドシュー、2ピンマウント、フルア
B0H2F2KLBB	For DJI Osmo Pocket 4 ケース カバー シリコン Fit for DJI Osmo Pocket 4用 アクセサリー セット 全面保護 耐衝
B0GFD5HPWX	TELESIN DJI Osmo Action 6 用 防水ケース + フローティングハンドル ダイビング用アクセサリーキット 防水ハウジングケース ダイブハウ
B0GXPF3R9L	DJI Osmo Pocket 4 用 保護カバー シリコンケースセット 全方位から保護 防塵 防落下設計 旅行や保管に最適 (Black)
B0FXXCYTQ5	DJI Mini 2/4K/2 SE対応 防衝撃防水ポータブルストレージバッグ、無人機アクセサリー、軽量旅行保護ケース (Mini 4K バッグ/Mini2 ケ
B0D2R8GGSG	DJI Mini 3/Mini 3 Pro/Mini 4 Pro/Fly More Combo 用 収納ケース 二層防水ハードキャリーケース DJI RC 2/
B0FPWPQ2GZ	DJI Mini 5 Pro/Lito X1 用 収納ケース 防水 ハードケース・キャリングケース DJI RC 2/RC-N3 送信機 収納ケース Mini 
B0G3X4T9JH	Mini 4Kケース 収納バッグ DJI Mini 4K / 2 SE / 2用ドローンおよびRC-N1C/RC-N1 保護ケース アクセサリー 予備バッテリー
B0F1FMY1QT	DJI RS 4 Mini対応キャリングケース ポータブル RS 4 Miniジンバルスタビライザー用ポータブルケース ショルダーバッグ DJI RS 4 Mi
B0FPG2HX8K	STARTRC DJI対応Mini 5 Pro ケース RC 2/RC-N3 送信機対応 耐衝撃 EVA素材 旅行&アウトドア収納バッグ ドローンとアクセサリー
B07FTHL1GD	DJI Mic Mini充電ケース
B0CNV6KWK9	Lekufee DJI Osmo Pocket 4,Osmo Pocket 3 防水ハードケース- DJI vlogカメラ Osmo Pocket 3/DJI 
B0DGD4YJP9	DJI Neo2/Neo/DJI Flip/Mini 5 Pro/Mini 4 Pro/Mini 3 Pro/Mini 3ドローン 対応 収納ケース 防水アクセ
B0FQ3Z87GY	DJI Mini 5 Pro/Lito X1 対応 収納ケース 防水 キャリングケース DJI RC 2 送信機 用 保護ケース ポータブル 収納用ショルダーバ
B0G3X1PBV4	Mini 3/3 Pro RC-N1ケース ドローン収納ケース プロペラホルダーストラップ+ キャリングケース DJI Mini 3/3 Pro ドローン RC
B0DCYFHV8Z	Trunab ドローンケース DJI Mini 3 / Mini 4 Pro 用収納バッグ DJI Mini 3用収納ケース DJI Mini 4 pro用収納
B0FDQXN8JR	ケース対応 DJI Mini 4 Pro Mini 3/ 3Proドローン アクセサリー For DJI-RC 2/DJI RC-N2 収納バッグ Fly Mo
B0CGVKW2L9	DJI MINI3/MINI3 PRO 対応 キャリーケース/防水トラベルショルダー, DJI RC/RC-N1 コントローラー対応 保護ケース スーツケース
B0DY1KDRLJ	DJI RS4 Miniケース ポータブル 旅行ハンドバッグ ハードシェル ジンバル ケース 雲台、三脚、クイックリリースプレート、ハンドヘルドアダプターハンド
B0DCV8TPDX	DJI Mini4k/Mini 2 SE/Mini 2 対応 収納ケース 防水アクセサリー ポータブル 収納用ショルダーバッグ トラベルケース 持ち運び可能 耐
B0BNVKZ549	Lykus Spartan MM400 DJI Mini 4 Pro/Mini 3/Pro 用収納ケース バッグ RCランヤードと最大でバッテリー7個を収納可能
B0G3X11F2B	Mini 3/3 Proケース RC ドローン収納ケース プロペラホルダーストラップ キャリングケース バッテリースロット2個を搭載 DJI Mini 3/ 3
B0FRFRCWNB	Taoricup DJI Lito X1/Mini 5 Pro 対応 保護ケース 収納ケース 保護カバー 収納バッグ セットバッグ DJI RC 2/RC-N3
B0F4R5DP5Z	DJI Mini 4 Pro 対応 収納ケース Mini 4 Pro/Mini 3/Pro対応防水ケース 調節可能なショルダーストラップ 防水、耐傷性、お手入れ
B0CLRTYBRP	Lykus Titan MM410 防水ケース DJI Mini 4 Pro/Mini 3/Pro、DJI RC 2/RC/RC-N2/N1 送信機とストラップ
B0D97D65NL	DJI mini3/ DJI mini 3pro用ケース 本体＋DJI RC-N1 リモコン バッテリー 双方向充電マネージャー プロペラ、データケーブル、アダ
B0CKXJ1FLS	Lekufee DJI Mini 4 Pro 防水ハードキャリングケース- DJI Mini 4 Pro ドローン、DJI Mini 4、Mini 3 Pro、
B0FR55RLV2	DJI Mini 5 Pro 専用 対応 収納ケース 収納バッグ キャリングケース MINI 5 Pro ドローン本体/送信機 保護ケース (for MINI 
B0FMD5TBXX	Peyyargo収納ケースと互換性のあるDJI Mini 4Kドローンカメラ及びリモートコントローラー【グレー ケースのみ】
B0FXLZS9DP	Lykus Titan MM510 防水ケース(ブルー) DJI Mini 5 Pro と RC2/RC-N3 送信機に適用、最大でバッテリー7個とRC ランヤ
B0CJXNMFPX	STARTRC DJI向けMini 4 Proケース Mini 4 Pro Fly Moreコンボバッグ ドローンポータブルバッグ PUケース アクセサリー 持
B0F6K9FXRM	DJI RS4 Mini ケース DJI Ronin RS 4 Miniポータブルケース アクセサリー ハンドル 三脚 クイックリリースプレート格納できるショル
B0G39DJPD9	DJI Mic Mini 2充電ケース
B0G39CGHK6	DJI Mic Mini 2 充電ケース（1 TX + 1 モバイル RX）
B0CLY1YZZY	Lekufee DJI Mini 4 Pro防水ハードケース DJI Mini 4 Pro、Mini 3 Pro、Mini 3、DJI RC N3/N2/N1、
B0FRMNS56G	Taoricup DJI Mini 5 Pro 対応 保護ケース 収納ケース 収納バッグ DJI RC 2/1/RC-N3/2/1 対応 アクセサリー カメラ 
B0GYD5JKVP	DJI Lito X1/1 / MINI 5 Pro対応 収納ケース 大容量ハードケース RC-N3コントローラーとバッテリー2個収納可能 メッシュポケット付き
B0B23GCVZ7	ミニ3 Proドローンケース用収納バッグ ハードシェル トラベルキャリーケース Mini 3 Pro、DJI RC/DJI RC-N1、アクセサリーに対応
B0FRS2CBK8	DJI Mini 5 Pro 対応 万能ミニ収納バッグ携帯防水収納ケース
B0DYV2H65B	DJI RS 4 Mini用キャリングケース ポータブルショルダーバッグ トラベルハードケース DJI Ronin RS4 Mini対応保護ジンバルケース
B0FXDYK13J	Lykus Titan MM520 防水ケース DJI Mini 5 Pro と RC Pro 2 送信機に適用、最大でバッテリー8個とRC ランヤードを収納可
B0GQ9XYL97	for DJI Power 1000 Mini 収納ケース ポータブル電源 バッグ キャリーケースショルダーバッグ ケーブルや小物類も収納可能 衝突防止 傷防止
B0DWMZNBY2	LINGHUANG DJI Flip 対応保護ケース コンパクトケース for DJI Flipドローンケース DJI Flipドローン用ミニトラベルケース 予
B0F2LWMY76	Lekufee 防水ハードキャリングケース DJI RS 4 Mini、コンボ、ジンバルスタビライザー、DJI Mic 3、DJI Mic Mini、DJI M
B0G2XY3KMM	SMALLRIG(スモールリグ) DJI Mic Mini用収納バッグ キャリーストラップ付き 軽量デザイン
B0GQTM58V5	for DJI MINI 4K/2SE収納ケース PU 大容量 キャリングケース MINI2 収納バッグ 防水 送信機収納 ショルダーバッグ ポータブルトラベル
B0DZXCZGKJ	Lekufee 防水ハードキャリングケース DJI Avata 2 ドローン、Fly More Combo、Goggles N3 / 3 / Integra、R
B0FZJYY3X7	for DJI MINI3/3 PRO/4PRO用収納ケース 大容量 収納バッグ ドローン本体、RC/RC2送信機収納 for DJI Mini 4 Pro キ
B0DFGM771S	DJI Mini 4k/Mini 2 SE/Mini 2 対応 収納ケースキャリーケース ポータブル トラベルバッグ 耐久性 耐落下性 耐衝撃性
B0GN6Y6NN9	DJI Mic Mini 2 タイムシリーズ マグネティックフロントカバー
B0BW13F48W	DJI MINI 3/MINI 3 Pro 用 ケース キャリーケース ポータブル トラベルバッグ DJI(ディージェイアイ) Mini 3ドローン/アクセサリ
B0FRMNHMJY	Taoricup DJI Mini 5 Pro 対応 防爆バッグ 収納バッグ 保護ケース 保護 DJI Mini 5/4/3 Pro/ 3 対応 バッテリー ア
B0DPBTRHM1	For DJI Mic Mini 専用ケース カバー【YCJDP】DJI Mic Mini 保護ケース 保護カバー シリコン 柔らかい 防水防塵 軽量 耐衝撃性
B0G2BG7SVT	Lekufee ポータブル防水ハードケース DJI Osmo Nano用 スタンダードコンボ (64GB / 128GB) - ビデオブログカメラ、DJI Mi
B0CKSNS5PN	DJI Mini 4 Pro 専用 ケース キャリーケース ポータブル トラベルバッグ Mini 4 Proドローンアクセサリー用（for DJI RC2 送信
B0GSTDTNMK	ポータブル電源 バッグ For DJI Power 1000 Mini対応キャリングケース ショルダーバッグ 耐衝撃 防水 保護ケース アクセサリーも収納可能 
B0GJZKLFH2	ケース DJI Mini 4K ドローン 対応 旅行カバン(ケースのみ)
B0FRS4ZQZP	DJI Mini 5 Pro 対応 ストレージケースバックパック
B0G2LQNQLT	Lekufee ポータブル防水ハードケース DJI Osmo 360 カメラ、アドベンチャーコンボ、アクションカメラ、バッテリー、充電器、DJI マイク 3/2
B0DNQ8RG1T	ドローン2機収納ケース DJI Air 3S/AVATA 2/Mini 4 Pro 対応 収納ケース 防水 収納バッグ ポータブル 収納用ショルダーバッグ トラ
B0CJTJYP3F	タオリック DJI ミニ4プロ対応収納ケース トラベルキャリングケース RC2リモコンバッグ
B0F6MV8N8B	DJI Mic Mini チャージングボックス 対応 シリコンカバー柔軟保護ケース アクセサリー 薄型 耐衝撃 持ち運び 充電便利 全面保護 傷 防止 落下防止
B0DZX1YWH6	Geekria クリエイターためのマイクケース DJI Mic Mini Charging Case に対応 ハードシェルマイクキャリングケース トラベル保護バ
B0DZ2C12GL	For DJI RS 4 Mini 収納ケース 【BAOLINTX】防震 三脚架 ハンドル 耐衝撃性ハードキャリングケース 大容量 防尘 肩掛け/手提げ両用 D
B0FT92BTZR	DJI Mini 4 Pro用ハードケース:IP67 防水キャリーケース Mini 4/3 Pro/3 Drone Fly More Combo RC 2/RC
B0D959955V	Lykus Titan MM420 防水ケース DJI Mini 4 Pro/Mini 3/Pro、DJI Goggles 3/2/インテグラ、RC Motio
B0FRLYMWTN	DJI Mini 5 Pro 用 収納ケース 防水 PU 持ち運び可能キャリーケース ショルダーストラップ付き (Gray for RC 2 送信機)
B0FRZH47TN	キャリーケース DJI Mini 5 Pro用 コンパクト収納バッグ ポータブルキャリーケース D-J-I Mini 5 Pro/Lito X1 / Lito 
B0DZH6JCS9	Taoricup DJI Mic Mini 対応 保護ケース 保護カバー アクセサリー シリコンケース マイクロフォン 充電ケース シリコンカバー 落下や傷に強
B0GQH2KN5T	For DJI Power 1000 Mini 収納バッグ ポータブル電源用 防水 防塵 耐衝撃 傷防止 ショルダーバッグ キャリーケース 落下防止 全面保護 
B0GYJ3S9S8	Taoricup DJI Lito X1/1/Mini 5 Pro 対応 収納ケース 保護ケース 収納バッグ DJI RC-N3/2/1/RC 2/1 対応 ア
B0FX294MZ7	ドローンケース For DJI Lito X1/Mini 5 Pro RC 2/RC-N3対応 バッグジンバル ドローン アクセサリー コンボバッグ ポータブル
B0G1SMJ9TN	防水ハードケース DJI Mini 5 Pro Fly More Combo/Fly More Combo Plus用 ポータブル 旅行用キャリーストレージバッ
B0GMWPR4L6	For DJI Power 1000 Mini対応キャリーケース 耐衝撃性、防水性、保護性に ショルダーバッグ 収納ケース バッグ キャンプや旅行時の収納に最適
B08P2YHH37	ProCase DJI Mini 2 / DJI Mini 2 Fly More ドローン保護ケース, コンボとアクセサリー収納 耐衝撃EVAケース トラベルバ
B0F23HDM51	Lekufee DJI Mic Mini 旅行用防水ハードケース DJI Mic 3、DJI Mic 2、DJI Mic、充電ケース、トランスミッター、レシーバ
B0BVMW745H	DJI Mini 2 SE/Mini 2/Mini 4K 対応 収納ケース/防水キャリングケース全面保護型 防塵 耐衝撃 防水性（プロペラガードの取り外しが不要
B0CPJ3M4Q8	Lekufee DJI Mini 4 Pro防水ハードケース DJI Mini 4 Pro, Mini 3 Drone, DJI RC 2, DJI RC N2
B0GJZNN5CN	ケース DJI Mini 5 /Mini 5 Pro ドローン 対応 旅行カバン(ケースのみ)
B0C9QG1MRK	収納ケース for DJI Mini 3/Mini 3 Pro キャリングケース オリジナル 収納ショルダーバッグ for DJI Mini 3/Mini 3 
B0FRR195BR	DJI Mini 5 pro/Mini 4 /3 pro/3用 バッテリーケース防爆 難燃性バッグ 大容量bag 安全収納ケース 防水 防爆 耐火 防炎 安全な
B0CN4LPHJC	for DJI MINI 4 PROケースカバー 収納バッグ MINI 4 PROバックパック EVAハードケース MINI 4 PROキャリングケース 耐衝撃
B0FTFQC5KQ	for DJI Mini 4K / Mini 2 / Mini 2 SE用収納バッグ 大容量 ハードキャリングケース Mini 4K収納ケース 送信機収納ボック
B0G42QJWHD	シリコン保護ケース DJI Mic Mini Microphone対応 - フルコンポーネントカバレッジ、サテン仕上げのマルチカラーシェル(ブラック-1トランス
B0CKHVSWCP	DJI Mini4 Pro 対応 ケース 収納ケース 防水 ハードケース DJI RC2/RC-N2 送信機 用 PU キャリングケース スーツケース アクセサ
B0GYD9S9ZQ	DJI LITOX1/LITO 1/DJI mini 5 pro 専用収納ケース RC2/RC-N3両対応 可分解内装 大容量PU素材耐衝撃 軽量669g 収納
B0B3SZZXTX	Lekufee DJI Mini 3 Pro ケース 防水収納ケース 収納できます DJI RC N1リモートコントローラ,DJI Mini 3 ドローンアクセ
B0D5LQ47YR	DJI MINI 4K/Mini 2 SE/Mini 2 対応 ケース 防水ハードシェル/キャリングケース全面保護型 防塵 耐衝撃 防水性（プロペラガードの取り
B0FG6YKNCR	DJI MIC Mini用保護カバーシリコーンケース (パープル)
B0FBRNR2XB	[THREE RABBITS]DJI Mini 4 Pro/Mini 3/Mini 3 Pro 保護 収納 ケース - DJI RC-N2/RC 2 防爆・防水
B0FRXRPYZG	UKATOF For DJI Mini 5/4/3 pro用収納ケース 携帯収納バッグ Mini 5 pro専用携帯斜め掛けセットバッグ (汎用携帯手提げ斜め掛
B0B1VD5YF3	For DJI Mini 3 Pro 収納ケース 航空機収納ケース 保護ボックス ポータブルスーツケース (DJI Mini 3 Proリモコン)
B0GKNGVLC2	For DJI Mini 5 Pro 専用 プロペラ収納ケース プラスチック 収納ボックス 軽量 27.4g バッテリー風デザイン 充電ハブ固定 衝撃吸収 保護
B0CGN9DZWD	DJI AIR 3S/AIR 3 専用 防水ケース ハード キャリングケース 高級 アルミニウム合金 スーツケース 全面保護型 防塵 耐衝撃性 （対応：RC 2
B0CDQ3DX1Q	DJI Air 3S/ Air 3 対応 収納ケースキャリーケース DJI RC 2/RC-N2/N3 クロスボディバッグ防水トラベルオーガナイザーバッグショル
B0CDCGLH9M	Lekufee DJI Air 3S/DJI Air 3 防水ハードキャリングケース - DJI Air 3S/DJI Air 3 Fly More Combo
B0DNJNT7LD	Lykus Titan MA320 防水ケース DJI Air 3S/Air 3、DJI RC2/RC-N3 に適用、広くてフレキシブルなスペース、最大でバッテ
B0CF4S74ZJ	DJI AIR 3S/DJI AIR 3用 収納ケース ドローン本体収納バッグ ポータブルバッグ 航空機収納ケース 保護ボックス ポータブルスーツケース アンチ
B0DK4WCJMG	DJI Air 3S Fly More Combo 専用 収納ケース 防水 ハードケース・キャリングケース DJI RC 2/RC-N3 送信機 収納ケース A
B0DLNQV77B	DJI Air 3S 対応 ケース 収納バッグ キャリングケース Air 3Sドローン本体/送信機 保護ケース ポータブルバッグ 保護ボックス ドローンアクセサ
B0CF9DCYTD	DJI AIR 3/AIR 3S 対応 収納ケース キャリングケース DJI RC2/RC-N2/N3 コントローラー対応 保護ケース スーツケース ドローンア
B0DK56Y65V	DJI Air 3S/Air 3 Fly More Combo 対応 収納ケース ハードシェルバックパック DJI RC 2/RC-N3/N2 コントローラー 
B0B38DCJ7C	DJI Mavic Air 2 収納ケース バッグ キャリングケース マヴィック エア2収納 送信機/バッテリー/充電ハブ/プロペラなど収納可能 防塵 携帯に便
B0F3XDYQZC	[THREE RABBITS] DJI Air 3s / Air 3 用 ドローンケース保護 収納 ハードケース 防爆・防水・耐久性PP素材 大容量フォームイン
B0DN5MD225	for DJI AIR 3S収納ケース 大容量収納 EVAハードケース 防水for DJI AIR 3S 用収納バッグ バックパックfor DJI AIR 3S
B0DK77PNB7	DJI AIR 3S/AIR 3 対応 収納ケース 大容量 耐衝撃 EVAハードケース 収納バッグ ショルダーストラップ付 キャーリングケース 送信機や予備バッ
B0CG23YDQC	DJI RC 2 送信機 対応 保護シリコンケースカバースリーブ Air 3/Mini 5/4 Pro RC 2リモートコントローラーアクセサリー用(グレー)
B0DLNT9X2B	DJI Air 3S 対応 ケース 収納バッグ キャリングケース Air 3Sドローン本体/送信機 保護ケース ポータブルバッグ 保護ボックス ドローンアクセサ
B0FRS1BDGK	DJI RC 2/ RC-1/DJI RC-N3/N2/N1 用DJI LITO X1/LITO 1/Mini5 /4Pro/AIR 3S用 収納ケース RC 
B0CF4RVQ6D	DJI RC 2用DJI Mini5 Pro/DJI Flip/DJI AIR 3/DJI AIR 3S/DJI Mini 4 pro用 収納ケース DJI R
B0DK4PPKNZ	DJI Air 3S Fly More Combo 対応 収納ケース 収納バッグ キャリーケース,RC 2/RC-N3 コントローラー 対応 ポータブル 収納用
B0CF4S2HJ1	DJI AIR 3S/AIR 3用 収納ケース 2in1 ドローン本体DJI RC 2/RC-N2リモートコントロール収納バッグ ポータブルバッグ 航空機収納ケ