利用日,利用店名,利用者,支払方法,利用金額
2026/05/31,VISA国内利用 VS ピザハツトトヨステンピザハ,本人,1回払い,6469
2026/05/30,VISA国内利用 VS カブシキガイシヤポピンズ,本人,1回払い,16786
2026/05/29,VISA国内利用 VS マイバスケツト,本人,1回払い,1832
2026/05/25,VISA国内利用 VS イト-ヨ-カド- キハ,本人,1回払い,2615
2026/05/24,西友 2 5012921145648 07658,本人,1回払い,2803
2026/05/24,西友,本人,1回払い,3560
2026/05/24,VISA国内利用 VS マイバスケツト,本人,1回払い,525
2026/05/23,VISA国内利用 VS ノジマ イト-ヨ-カド-キバ,本人,1回払い,1130
2026/05/23,VISA国内利用 VS イト-ヨ-カド- キハ,本人,1回払い,567
2026/05/22,GU MODE楽天市場店 ラクテンイチバ705011,本人,1回払い,5274
2026/05/22,楽天24 ベビー館 ラクテンイチバ703018,本人,1回払い,10700
2026/05/22,VISA国内利用 VS マイバスケツト,本人,1回払い,2021
2026/05/20,VISA国内利用 VS マイバスケツト,本人,1回払い,4748
2026/05/20,VISA国内利用 VS マイバスケツト,本人,1回払い,1779
2026/05/17,VISA国内利用 VS マイバスケツト,本人,1回払い,665
2026/05/16,VISA国内利用 VS マイバスケツト,本人,1回払い,387
2026/05/16,楽天証券投信積立0．5％～,本人,1回払い,99999
2026/05/15,VISA国内利用 VS マイバスケツト,本人,1回払い,440
2026/05/14,西友,本人,1回払い,2287
2026/05/14,VISA国内利用 VS セリア セイユウトウヨウチヨウテン,本人,1回払い,330
2026/05/14,VISA国内利用 VS カブシキガイシヤポピンズ,本人,1回払い,16786
2026/05/08,VISA国内利用 VS マイバスケツト,本人,1回払い,1517
2026/05/06,西友,本人,1回払い,2027
2026/05/01,VISA国内利用 VS ミルクコウボウボン デイア,本人,1回払い,660
